0,193.07,28589.14000000339,0.0,653.2600000000001,2.66365,5,"Gare,Schwob,Marseille,Centre Commercial,Martinet,Pont Blanc,Marchegay,Courbet,Paul Bert,Schweitzer,Haut des Près,Cravanche Centre,Roseraie,Colmar,4 As,Mieg,Gare,Dubail,Carrières,Guidon,Gardey,Benoit Frachon,Techn' Hom 3,Bois Joli,De Gaulle,Ballinamuck,Rosemontoise,Eloie,Verdoyeux,Chaume,Mermoz,Aubépines,Gare,Denfert Rochereau,Sernam,Varonne,Éluard,Port de Botans,Andelnans Prés,Rte de Bermont,Bascule,Rte de Vourvenans,Gare,Mulhouse,Bohn,Ste Thérèse,Alstom Étang,Techn' Hom Cravanche,Bichat,Hauts de Belfort,Bosmont,Jacquot,Pierre Engel,Marcel Braun,Poincaré,Renan,Molière,Pont Canal,Gare,Champs Cerisiers,Rte de Meroux,Complexe Sportif,Géhant,Savoureuse,Turenne,Gare,"
4,194.31,30836.7600000035,0.0,648.6,1.8811075000000002,5,"Gare,Denfert Rochereau,Sernam,Varonne,Éluard,Port de Botans,Andelnans Prés,Rte de Bermont,Bascule,Rte de Vourvenans,Gare,Schwob,Marseille,Centre Commercial,Savoureuse,Turenne,Mermoz,Aubépines,Rosemontoise,Gare,Dubail,Gardey,Carrières,Guidon,Benoit Frachon,Techn' Hom 3,Schweitzer,Paul Bert,Cravanche Centre,Haut des Près,Courbet,Martinet,Pont Blanc,Marchegay,Chaume,Eloie,Gare,Mulhouse,Bohn,Colmar,Roseraie,Mieg,Ste Thérèse,Alstom Étang,Techn' Hom Cravanche,Ballinamuck,Bois Joli,De Gaulle,Jacquot,Bosmont,Molière,Poincaré,Renan,4 As,Pont Canal,Hauts de Belfort,Bichat,Gare,Complexe Sportif,Géhant,Rte de Meroux,Marcel Braun,Pierre Engel,Verdoyeux,Champs Cerisiers,Gare,"
6,194.25,29156.190000002272,0.0,657.9899999999999,1.867825,5,"Gare,Denfert Rochereau,Sernam,Varonne,Éluard,Port de Botans,Andelnans Prés,Rte de Bermont,Bascule,Rte de Vourvenans,Gare,Schwob,Marseille,Centre Commercial,Martinet,Pont Blanc,Savoureuse,Turenne,Mermoz,Aubépines,Gare,Mulhouse,Bohn,Haut des Près,Cravanche Centre,Paul Bert,Courbet,Marchegay,Champs Cerisiers,Rte de Meroux,Complexe Sportif,Géhant,Techn' Hom Cravanche,Roseraie,Colmar,Mieg,Gare,Dubail,Carrières,Guidon,Benoit Frachon,Techn' Hom 3,Bichat,Hauts de Belfort,De Gaulle,Ballinamuck,Bois Joli,Rosemontoise,Eloie,Verdoyeux,Chaume,Jacquot,Bosmont,Renan,Gare,Pont Canal,4 As,Ste Thérèse,Alstom Étang,Schweitzer,Pierre Engel,Marcel Braun,Poincaré,Molière,Gardey,Gare,"
8,180.09,28479.900000002235,0.0,608.39,2.3945649999999996,5,"Gare,Denfert Rochereau,Sernam,Varonne,Éluard,Port de Botans,Andelnans Prés,Rte de Bermont,Bascule,Rte de Vourvenans,Gare,Dubail,Carrières,Guidon,Gardey,Benoit Frachon,Techn' Hom 3,4 As,Mieg,Ste Thérèse,Alstom Étang,Techn' Hom Cravanche,Mulhouse,Bohn,Colmar,Roseraie,Marchegay,Martinet,Pont Blanc,Gare,Schwob,Marseille,Centre Commercial,Courbet,Champs Cerisiers,Verdoyeux,Chaume,Rosemontoise,Aubépines,Mermoz,Turenne,Gare,Bosmont,Jacquot,Bichat,Hauts de Belfort,De Gaulle,Ballinamuck,Bois Joli,Rte de Meroux,Complexe Sportif,Géhant,Pont Canal,Renan,Molière,Poincaré,Marcel Braun,Pierre Engel,Schweitzer,Gare,Cravanche Centre,Paul Bert,Savoureuse,Eloie,Haut des Près,Gare,"
13,192.42000000000002,30740.900000002235,0.0,638.22,2.2657374999999997,5,"Gare,Dubail,Gardey,Benoit Frachon,Techn' Hom 3,Schweitzer,Colmar,Roseraie,Mieg,Ste Thérèse,Alstom Étang,Techn' Hom Cravanche,Mulhouse,Bohn,4 As,Molière,Poincaré,Marcel Braun,Pierre Engel,Gare,Schwob,Marseille,Centre Commercial,Champs Cerisiers,Eloie,Verdoyeux,Chaume,Rosemontoise,Aubépines,Gare,Denfert Rochereau,Sernam,Varonne,Éluard,Port de Botans,Andelnans Prés,Rte de Bermont,Bascule,Rte de Vourvenans,Gare,Bosmont,Jacquot,Bichat,Hauts de Belfort,Bois Joli,Ballinamuck,De Gaulle,Cravanche Centre,Haut des Près,Courbet,Marchegay,Martinet,Pont Blanc,Savoureuse,Turenne,Mermoz,Rte de Meroux,Gare,Complexe Sportif,Géhant,Pont Canal,Renan,Guidon,Carrières,Paul Bert,Gare,"
17,200.65,31457.430000002496,0.0,664.26,2.6143824999999996,5,"Gare,Bosmont,Varonne,Jacquot,Bichat,Hauts de Belfort,Pont Canal,4 As,Mieg,Ste Thérèse,Mulhouse,Bohn,Colmar,Schweitzer,Paul Bert,Courbet,Marchegay,Champs Cerisiers,Rosemontoise,Gare,Schwob,Marseille,Centre Commercial,Martinet,Pont Blanc,Savoureuse,Turenne,Mermoz,Aubépines,Gare,Denfert Rochereau,Sernam,Renan,Molière,Poincaré,Marcel Braun,Pierre Engel,Gare,Dubail,Carrières,Guidon,Gardey,Benoit Frachon,Techn' Hom 3,Cravanche Centre,Haut des Près,Roseraie,Verdoyeux,Eloie,Chaume,Rte de Meroux,Andelnans Prés,Rte de Bermont,Gare,Éluard,Port de Botans,Alstom Étang,Techn' Hom Cravanche,Ballinamuck,Bois Joli,De Gaulle,Rte de Vourvenans,Complexe Sportif,Géhant,Bascule,Gare,"
21,186.32,29728.780000003055,0.0,620.9800000000001,2.6579574999999993,5,"Gare,Schwob,Marseille,Centre Commercial,Courbet,Marchegay,Martinet,Pont Blanc,Savoureuse,Turenne,Mermoz,Gare,Denfert Rochereau,Sernam,Varonne,Éluard,Port de Botans,Andelnans Prés,Rte de Bermont,Bascule,Rte de Vourvenans,Gare,Dubail,Carrières,Guidon,Benoit Frachon,Techn' Hom 3,Mulhouse,Bohn,4 As,Pont Canal,Renan,Molière,Poincaré,Marcel Braun,Pierre Engel,Jacquot,Bosmont,Hauts de Belfort,Gare,Colmar,Roseraie,Mieg,Ste Thérèse,Alstom Étang,Techn' Hom Cravanche,Schweitzer,Paul Bert,Cravanche Centre,Haut des Près,Champs Cerisiers,Rosemontoise,Aubépines,Verdoyeux,Gare,Complexe Sportif,Géhant,Rte de Meroux,Gardey,Ballinamuck,Bois Joli,De Gaulle,Bichat,Eloie,Chaume,Gare,"
28,201.55,30495.200000001118,0.0,665.4500000000003,1.5362574999999998,5,"Gare,Denfert Rochereau,Sernam,Varonne,Éluard,Port de Botans,Andelnans Prés,Rte de Bermont,Bascule,Rte de Vourvenans,Gare,Dubail,Carrières,Guidon,Gardey,Benoit Frachon,Techn' Hom 3,Paul Bert,Courbet,Marchegay,Martinet,Pont Blanc,Savoureuse,Turenne,Gare,Schwob,Marseille,Centre Commercial,Champs Cerisiers,Techn' Hom Cravanche,Alstom Étang,Ste Thérèse,Mieg,Bichat,Hauts de Belfort,De Gaulle,Mulhouse,Bohn,4 As,Pont Canal,Renan,Gare,Bosmont,Jacquot,Pierre Engel,Marcel Braun,Schweitzer,Colmar,Roseraie,Haut des Près,Cravanche Centre,Bois Joli,Ballinamuck,Rte de Meroux,Complexe Sportif,Géhant,Chaume,Verdoyeux,Rosemontoise,Gare,Aubépines,Mermoz,Eloie,Poincaré,Molière,Gare,"
29,188.06000000000003,28859.5400000019,0.0,618.6899999999999,1.8886974999999997,5,"Gare,Dubail,Carrières,Guidon,Gardey,Benoit Frachon,Techn' Hom 3,Schweitzer,Paul Bert,Cravanche Centre,Haut des Près,Courbet,Marchegay,Champs Cerisiers,Rosemontoise,Chaume,Verdoyeux,Gare,Denfert Rochereau,Sernam,Renan,Molière,Poincaré,Marcel Braun,Pierre Engel,Pont Canal,4 As,Gare,Mulhouse,Bohn,Colmar,Roseraie,Mieg,Ste Thérèse,Alstom Étang,Techn' Hom Cravanche,Bichat,Hauts de Belfort,Varonne,Bosmont,Jacquot,De Gaulle,Ballinamuck,Bois Joli,Mermoz,Aubépines,Gare,Schwob,Marseille,Centre Commercial,Martinet,Pont Blanc,Savoureuse,Turenne,Complexe Sportif,Géhant,Rte de Vourvenans,Bascule,Gare,Éluard,Port de Botans,Andelnans Prés,Rte de Bermont,Rte de Meroux,Eloie,Gare,"
31,165.18000000000006,25725.690000003204,0.0,558.6000000000001,1.83943,5,"Gare,Denfert Rochereau,Sernam,Renan,Molière,Poincaré,Marcel Braun,Pierre Engel,Pont Canal,4 As,Bohn,Gare,Dubail,Carrières,Guidon,Gardey,Benoit Frachon,Techn' Hom 3,Bichat,Hauts de Belfort,De Gaulle,Ballinamuck,Bois Joli,Verdoyeux,Eloie,Chaume,Rosemontoise,Aubépines,Gare,Schwob,Marseille,Centre Commercial,Martinet,Pont Blanc,Savoureuse,Turenne,Mermoz,Marchegay,Courbet,Gare,Mulhouse,Mieg,Ste Thérèse,Alstom Étang,Techn' Hom Cravanche,Roseraie,Colmar,Haut des Près,Cravanche Centre,Paul Bert,Schweitzer,Champs Cerisiers,Rte de Meroux,Complexe Sportif,Géhant,Gare,Bosmont,Varonne,Éluard,Port de Botans,Andelnans Prés,Rte de Bermont,Bascule,Rte de Vourvenans,Jacquot,Gare,"
35,178.22000000000006,26743.519999999553,0.0,586.6900000000002,2.189972499999999,5,"Gare,Denfert Rochereau,Sernam,Renan,Molière,Poincaré,Marcel Braun,Pierre Engel,Pont Canal,4 As,Gare,Éluard,Port de Botans,Andelnans Prés,Rte de Bermont,Bascule,Rte de Vourvenans,Géhant,Complexe Sportif,Champs Cerisiers,Verdoyeux,Chaume,Rosemontoise,Gare,Schwob,Marseille,Centre Commercial,Martinet,Pont Blanc,Savoureuse,Turenne,Mermoz,Aubépines,Gare,Dubail,Gardey,Benoit Frachon,Techn' Hom 3,Paul Bert,Schweitzer,Colmar,Roseraie,Haut des Près,Cravanche Centre,Marchegay,Courbet,Mieg,Ste Thérèse,Alstom Étang,Techn' Hom Cravanche,Mulhouse,Bohn,Guidon,Gare,Bosmont,Varonne,Jacquot,Bichat,Hauts de Belfort,Rte de Meroux,Eloie,De Gaulle,Ballinamuck,Bois Joli,Carrières,Gare,"
40,174.08,26710.240000003017,0.0,585.6700000000001,2.2069825000000005,5,"Gare,Denfert Rochereau,Sernam,Renan,Molière,Poincaré,Marcel Braun,Pierre Engel,Pont Canal,4 As,Gare,Dubail,Carrières,Guidon,Gardey,Benoit Frachon,Techn' Hom 3,Paul Bert,Courbet,Marchegay,Champs Cerisiers,Eloie,Verdoyeux,Chaume,Gare,Jacquot,Bichat,Hauts de Belfort,Varonne,Éluard,Port de Botans,Andelnans Prés,Rte de Bermont,Bascule,Rte de Vourvenans,Complexe Sportif,Géhant,Rte de Meroux,Ballinamuck,Bois Joli,De Gaulle,Mulhouse,Gare,Schwob,Marseille,Centre Commercial,Martinet,Pont Blanc,Savoureuse,Turenne,Mermoz,Aubépines,Gare,Colmar,Roseraie,Haut des Près,Cravanche Centre,Mieg,Ste Thérèse,Alstom Étang,Techn' Hom Cravanche,Bohn,Schweitzer,Rosemontoise,Bosmont,Gare,"
42,164.17999999999998,24920.900000002235,0.0,564.6099999999999,2.205085,5,"Gare,Denfert Rochereau,Sernam,Renan,Molière,Poincaré,Marcel Braun,Pierre Engel,Pont Canal,4 As,Gare,Schwob,Marseille,Centre Commercial,Martinet,Pont Blanc,Savoureuse,Turenne,Mermoz,Aubépines,Gare,Dubail,Carrières,Guidon,Gardey,Benoit Frachon,Techn' Hom 3,Champs Cerisiers,Rosemontoise,Eloie,Verdoyeux,Chaume,Cravanche Centre,Haut des Près,Schweitzer,Paul Bert,Courbet,Gare,Bosmont,Jacquot,Bichat,Hauts de Belfort,Rte de Meroux,Complexe Sportif,Géhant,Bascule,Rte de Vourvenans,Rte de Bermont,Port de Botans,Andelnans Prés,Éluard,Varonne,Techn' Hom Cravanche,Gare,Colmar,Roseraie,Mieg,Ste Thérèse,Alstom Étang,Ballinamuck,Bois Joli,De Gaulle,Mulhouse,Bohn,Marchegay,Gare,"
47,184.43,27153.150000001304,0.0,623.6300000000003,1.9208875000000003,5,"Gare,Schwob,Marseille,Centre Commercial,Martinet,Pont Blanc,Savoureuse,Turenne,Marchegay,Champs Cerisiers,Aubépines,Gare,Dubail,Gardey,Carrières,Guidon,Techn' Hom 3,Benoit Frachon,Cravanche Centre,Haut des Près,Schweitzer,Paul Bert,Courbet,Alstom Étang,Techn' Hom Cravanche,Mulhouse,Bohn,Colmar,Roseraie,Mieg,Ste Thérèse,4 As,Pont Canal,Gare,Complexe Sportif,Géhant,Rte de Vourvenans,Bascule,Port de Botans,Rte de Bermont,Rte de Meroux,Bichat,Hauts de Belfort,Varonne,Éluard,Gare,Denfert Rochereau,Sernam,Renan,Molière,Poincaré,Marcel Braun,Pierre Engel,De Gaulle,Ballinamuck,Bois Joli,Gare,Jacquot,Bosmont,Chaume,Verdoyeux,Eloie,Rosemontoise,Mermoz,Andelnans Prés,Gare,"
49,196.62000000000006,29369.640000000596,0.0,654.5999999999999,2.129319999999999,5,"Gare,Denfert Rochereau,Sernam,Varonne,Bosmont,Jacquot,Pierre Engel,Marcel Braun,Poincaré,Renan,Gare,Éluard,Port de Botans,Andelnans Prés,Rte de Bermont,Bascule,Rte de Vourvenans,Complexe Sportif,Rte de Meroux,Champs Cerisiers,Colmar,Roseraie,Mieg,Ste Thérèse,Gare,Dubail,Carrières,Guidon,Gardey,Benoit Frachon,Techn' Hom 3,Cravanche Centre,Paul Bert,Schweitzer,Haut des Près,Mermoz,Turenne,Savoureuse,Pont Blanc,Gare,Schwob,Marseille,Centre Commercial,Martinet,Marchegay,Courbet,Aubépines,Rosemontoise,Eloie,Gare,Mulhouse,Bohn,4 As,Bois Joli,Ballinamuck,De Gaulle,Verdoyeux,Chaume,Bichat,Hauts de Belfort,Molière,Pont Canal,Techn' Hom Cravanche,Alstom Étang,Géhant,Gare,"
50,182.07,27627.810000002384,0.0,608.44,1.756075,5,"Gare,Denfert Rochereau,Sernam,Renan,Molière,Poincaré,Marcel Braun,Pierre Engel,Pont Canal,4 As,Gare,Dubail,Carrières,Guidon,Gardey,Benoit Frachon,Techn' Hom 3,Mulhouse,Bohn,Mieg,Ste Thérèse,Alstom Étang,Techn' Hom Cravanche,Marchegay,Martinet,Pont Blanc,Gare,Schwob,Marseille,Centre Commercial,Courbet,Paul Bert,Schweitzer,Colmar,Roseraie,Haut des Près,Cravanche Centre,Champs Cerisiers,Rosemontoise,Aubépines,Gare,Complexe Sportif,Géhant,Rte de Vourvenans,Bascule,Port de Botans,Andelnans Prés,Rte de Bermont,Rte de Meroux,Hauts de Belfort,Varonne,Bosmont,Jacquot,Bichat,Ballinamuck,Bois Joli,De Gaulle,Gare,Éluard,Verdoyeux,Eloie,Chaume,Mermoz,Turenne,Savoureuse,Gare,"
52,180.98999999999998,28025.030000003986,0.0,602.3899999999999,2.296029999999999,5,"Gare,Schwob,Marseille,Centre Commercial,Martinet,Pont Blanc,Savoureuse,Turenne,Mermoz,Aubépines,Gare,Dubail,Gardey,Carrières,Guidon,Benoit Frachon,Techn' Hom 3,4 As,Mieg,Bichat,Hauts de Belfort,Bosmont,Varonne,Éluard,Port de Botans,Andelnans Prés,Rte de Bermont,Bascule,Gare,Denfert Rochereau,Sernam,Renan,Molière,Poincaré,Marcel Braun,Pierre Engel,Pont Canal,Gare,Mulhouse,Bohn,Colmar,Roseraie,Haut des Près,Cravanche Centre,Paul Bert,Schweitzer,Courbet,Marchegay,Champs Cerisiers,Eloie,Verdoyeux,Chaume,Rosemontoise,Gare,Jacquot,De Gaulle,Ballinamuck,Bois Joli,Rte de Meroux,Rte de Vourvenans,Complexe Sportif,Géhant,Techn' Hom Cravanche,Alstom Étang,Ste Thérèse,Gare,"
53,178.66,28487.300000001676,0.0,600.8400000000001,2.05351,5,"Gare,Denfert Rochereau,Sernam,Varonne,Éluard,Port de Botans,Andelnans Prés,Rte de Bermont,Bascule,Rte de Vourvenans,Gare,Dubail,Gardey,Benoit Frachon,Techn' Hom 3,Cravanche Centre,Paul Bert,Schweitzer,Colmar,Roseraie,Mieg,Ste Thérèse,Alstom Étang,Techn' Hom Cravanche,Mulhouse,Bohn,4 As,Complexe Sportif,Géhant,Rte de Meroux,Bichat,Hauts de Belfort,Pont Canal,Gare,Schwob,Marseille,Centre Commercial,Martinet,Pont Blanc,Savoureuse,Turenne,Mermoz,Aubépines,Gare,Bosmont,Jacquot,De Gaulle,Ballinamuck,Bois Joli,Guidon,Carrières,Haut des Près,Courbet,Marchegay,Champs Cerisiers,Rosemontoise,Chaume,Verdoyeux,Eloie,Gare,Renan,Molière,Poincaré,Marcel Braun,Pierre Engel,Gare,"
54,191.82000000000008,28831.5400000019,0.0,641.15,2.4040525,5,"Gare,Denfert Rochereau,Sernam,Varonne,Bosmont,Jacquot,Bichat,Hauts de Belfort,Paul Bert,Schweitzer,Colmar,Roseraie,Mieg,Ste Thérèse,Alstom Étang,Techn' Hom Cravanche,Marchegay,4 As,Gare,Schwob,Marseille,Centre Commercial,Martinet,Pont Blanc,Savoureuse,Turenne,Mermoz,Aubépines,Gare,Dubail,Carrières,Guidon,Gardey,Benoit Frachon,Techn' Hom 3,Champs Cerisiers,Courbet,Haut des Près,Cravanche Centre,Chaume,Verdoyeux,Eloie,Rosemontoise,Complexe Sportif,Gare,Mulhouse,Bohn,De Gaulle,Ballinamuck,Bois Joli,Rte de Meroux,Rte de Bermont,Bascule,Rte de Vourvenans,Géhant,Pont Canal,Molière,Poincaré,Gare,Renan,Pierre Engel,Marcel Braun,Andelnans Prés,Éluard,Port de Botans,Gare,"
57,171.43000000000004,26763.770000002347,0.0,580.7300000000001,1.7598699999999998,5,"Gare,Éluard,Varonne,Bosmont,Jacquot,Bichat,Hauts de Belfort,Molière,Poincaré,Marcel Braun,Pierre Engel,Pont Canal,Renan,De Gaulle,Ballinamuck,Bois Joli,Ste Thérèse,Alstom Étang,Techn' Hom Cravanche,Gare,Dubail,Carrières,Guidon,Gardey,Benoit Frachon,Techn' Hom 3,4 As,Mieg,Mulhouse,Bohn,Colmar,Roseraie,Haut des Près,Cravanche Centre,Paul Bert,Courbet,Marchegay,Gare,Schwob,Marseille,Centre Commercial,Martinet,Pont Blanc,Savoureuse,Turenne,Mermoz,Aubépines,Gare,Denfert Rochereau,Sernam,Rte de Meroux,Complexe Sportif,Géhant,Rte de Vourvenans,Bascule,Port de Botans,Andelnans Prés,Gare,Rosemontoise,Eloie,Verdoyeux,Chaume,Schweitzer,Champs Cerisiers,Rte de Bermont,Gare,"
69,189.1500000000001,29089.490000002086,0.0,628.8700000000001,1.9113999999999993,5,"Gare,Schwob,Marseille,Centre Commercial,Martinet,Marchegay,Champs Cerisiers,Courbet,Savoureuse,Turenne,Mermoz,Gare,Denfert Rochereau,Sernam,Renan,Molière,Poincaré,Marcel Braun,Pierre Engel,Pont Canal,4 As,Bohn,Gare,Dubail,Gardey,Carrières,Guidon,Techn' Hom 3,Benoit Frachon,Schweitzer,Paul Bert,Cravanche Centre,Haut des Près,Bois Joli,Ballinamuck,De Gaulle,Jacquot,Bosmont,Varonne,Éluard,Port de Botans,Andelnans Prés,Gare,Colmar,Roseraie,Mieg,Ste Thérèse,Alstom Étang,Techn' Hom Cravanche,Mulhouse,Rosemontoise,Aubépines,Eloie,Verdoyeux,Chaume,Gare,Hauts de Belfort,Bichat,Rte de Vourvenans,Bascule,Rte de Bermont,Rte de Meroux,Complexe Sportif,Géhant,Pont Blanc,Gare,"
75,157.06999999999996,24401.820000004023,0.0,563.11,2.324425,5,"Gare,Schwob,Marseille,Centre Commercial,Martinet,Pont Blanc,Savoureuse,Turenne,Mermoz,Aubépines,Gare,Mulhouse,Bohn,Colmar,Roseraie,Haut des Près,Schweitzer,Paul Bert,Courbet,Marchegay,Champs Cerisiers,Verdoyeux,Eloie,Chaume,Rosemontoise,Benoit Frachon,Techn' Hom 3,Gare,Bosmont,Varonne,Éluard,Port de Botans,Andelnans Prés,Rte de Bermont,Bascule,Rte de Vourvenans,Complexe Sportif,Géhant,Rte de Meroux,Bichat,Hauts de Belfort,De Gaulle,Ballinamuck,Bois Joli,Gare,Denfert Rochereau,Sernam,Renan,Molière,Poincaré,Marcel Braun,Pierre Engel,Pont Canal,4 As,Gare,Dubail,Carrières,Guidon,Gardey,Mieg,Ste Thérèse,Alstom Étang,Techn' Hom Cravanche,Cravanche Centre,Jacquot,Gare,"
80,182.22,27231.460000003688,0.0,600.9499999999999,2.3547849999999997,5,"Gare,Schwob,Marseille,Verdoyeux,Chaume,Rosemontoise,Aubépines,Mermoz,Turenne,Savoureuse,Courbet,Gare,Denfert Rochereau,Sernam,Renan,Molière,Poincaré,Marcel Braun,Pierre Engel,Pont Canal,Colmar,Bohn,Gare,Dubail,Gardey,Ballinamuck,Bois Joli,De Gaulle,Bichat,Hauts de Belfort,Jacquot,Bosmont,Varonne,Éluard,Port de Botans,Andelnans Prés,Rte de Bermont,Bascule,Rte de Vourvenans,Complexe Sportif,Géhant,Gare,Mieg,Ste Thérèse,Alstom Étang,Techn' Hom Cravanche,Mulhouse,Champs Cerisiers,Marchegay,Martinet,Pont Blanc,Schweitzer,Paul Bert,Cravanche Centre,Haut des Près,Roseraie,Techn' Hom 3,Gare,4 As,Centre Commercial,Rte de Meroux,Eloie,Benoit Frachon,Carrières,Guidon,Gare,"
82,175.48000000000002,26833.62000000477,0.0,604.11,2.1842799999999998,5,"Gare,Denfert Rochereau,Sernam,Renan,Molière,Poincaré,Marcel Braun,Pierre Engel,Pont Canal,4 As,Gare,Dubail,Carrières,Guidon,Gardey,Ballinamuck,De Gaulle,Bichat,Hauts de Belfort,Jacquot,Bosmont,Varonne,Éluard,Port de Botans,Andelnans Prés,Rte de Bermont,Bascule,Rte de Vourvenans,Gare,Schwob,Marseille,Centre Commercial,Martinet,Pont Blanc,Savoureuse,Turenne,Mermoz,Aubépines,Gare,Colmar,Roseraie,Mieg,Ste Thérèse,Alstom Étang,Techn' Hom Cravanche,Schweitzer,Paul Bert,Courbet,Marchegay,Rosemontoise,Eloie,Verdoyeux,Chaume,Techn' Hom 3,Benoit Frachon,Gare,Bois Joli,Rte de Meroux,Complexe Sportif,Géhant,Champs Cerisiers,Haut des Près,Cravanche Centre,Bohn,Mulhouse,Gare,"
86,185.15999999999994,28475.960000001825,0.0,608.28,2.2733275000000006,5,"Gare,Schwob,Marseille,Centre Commercial,Martinet,Pont Blanc,Savoureuse,Turenne,Mermoz,Aubépines,Gare,Denfert Rochereau,Sernam,Varonne,Éluard,Port de Botans,Andelnans Prés,Rte de Bermont,Bascule,Rte de Vourvenans,Gare,Bosmont,Jacquot,Bichat,Hauts de Belfort,Alstom Étang,Techn' Hom Cravanche,Mulhouse,Bohn,Mieg,Ste Thérèse,Pont Canal,4 As,Molière,Renan,Courbet,Marchegay,Gare,Complexe Sportif,Géhant,Rte de Meroux,Haut des Près,Cravanche Centre,Paul Bert,Schweitzer,Colmar,Roseraie,Verdoyeux,Eloie,Rosemontoise,Chaume,Benoit Frachon,Techn' Hom 3,Bois Joli,Ballinamuck,De Gaulle,Gare,Dubail,Carrières,Guidon,Gardey,Marcel Braun,Pierre Engel,Poincaré,Champs Cerisiers,Gare,"
87,207.07999999999998,30432.509999998845,0.0,676.5999999999997,2.2714300000000005,5,"Gare,Denfert Rochereau,Sernam,Varonne,Jacquot,Bichat,Hauts de Belfort,Rte de Vourvenans,Complexe Sportif,Géhant,Marcel Braun,Pierre Engel,Pont Canal,4 As,Gare,Colmar,Roseraie,Mieg,Ste Thérèse,Alstom Étang,Techn' Hom Cravanche,Mulhouse,Bohn,Haut des Près,Cravanche Centre,Paul Bert,Courbet,Marchegay,Martinet,Pont Blanc,Gare,Schwob,Marseille,Centre Commercial,Champs Cerisiers,Eloie,Verdoyeux,Chaume,Mermoz,Aubépines,Gare,Dubail,Carrières,Guidon,Techn' Hom 3,Benoit Frachon,Schweitzer,Renan,Molière,Poincaré,Rte de Meroux,De Gaulle,Ballinamuck,Bois Joli,Rosemontoise,Gardey,Éluard,Gare,Bosmont,Rte de Bermont,Bascule,Port de Botans,Andelnans Prés,Savoureuse,Turenne,Gare,"
93,189.96000000000004,29945.2600000035,0.0,634.0300000000001,2.8265649999999996,5,"Gare,Schwob,Marseille,Centre Commercial,Martinet,Pont Blanc,Savoureuse,Turenne,Mermoz,Aubépines,Gare,Denfert Rochereau,Sernam,Varonne,Éluard,Port de Botans,Andelnans Prés,Rte de Bermont,Bascule,Rte de Vourvenans,Gare,Mulhouse,Bohn,Colmar,Roseraie,Mieg,Ste Thérèse,Alstom Étang,Techn' Hom Cravanche,Cravanche Centre,Paul Bert,Courbet,Marchegay,Champs Cerisiers,Eloie,Verdoyeux,Chaume,Gare,Dubail,Carrières,Guidon,Gardey,Benoit Frachon,Techn' Hom 3,Schweitzer,Haut des Près,Bichat,Hauts de Belfort,Pont Canal,Renan,Molière,Poincaré,Marcel Braun,Pierre Engel,Jacquot,Gare,Bosmont,Bois Joli,Ballinamuck,De Gaulle,Complexe Sportif,Géhant,Rte de Meroux,Rosemontoise,4 As,Gare,"
98,171.20999999999998,26069.990000002086,0.0,588.23,2.3547849999999992,5,"Gare,Dubail,Carrières,Guidon,Gardey,Benoit Frachon,Techn' Hom 3,4 As,Bohn,Mulhouse,Mieg,Ste Thérèse,Alstom Étang,Techn' Hom Cravanche,Roseraie,Colmar,Cravanche Centre,Haut des Près,Schweitzer,Paul Bert,Courbet,Gare,Denfert Rochereau,Sernam,Renan,Molière,Poincaré,Marcel Braun,Pierre Engel,Pont Canal,De Gaulle,Ballinamuck,Bois Joli,Gare,Schwob,Marseille,Centre Commercial,Martinet,Pont Blanc,Savoureuse,Turenne,Mermoz,Aubépines,Gare,Jacquot,Bosmont,Varonne,Éluard,Port de Botans,Andelnans Prés,Rte de Bermont,Bascule,Rte de Vourvenans,Géhant,Complexe Sportif,Rte de Meroux,Champs Cerisiers,Gare,Hauts de Belfort,Bichat,Eloie,Verdoyeux,Chaume,Rosemontoise,Marchegay,Gare,"
103,188.39,28406.91000000015,0.0,626.22,1.8583374999999998,5,"Gare,Denfert Rochereau,Sernam,Renan,Molière,Poincaré,Marcel Braun,Pierre Engel,Pont Canal,4 As,Bohn,Gare,Schwob,Marseille,Centre Commercial,Courbet,Rte de Bermont,Bascule,Rte de Vourvenans,Complexe Sportif,Géhant,Rte de Meroux,Champs Cerisiers,Gare,Dubail,Carrières,Guidon,Gardey,Benoit Frachon,Techn' Hom 3,Cravanche Centre,Haut des Près,Bichat,Hauts de Belfort,Varonne,Jacquot,Bosmont,Éluard,Port de Botans,Andelnans Prés,Verdoyeux,Eloie,Gare,Mulhouse,Mieg,Ste Thérèse,Alstom Étang,Techn' Hom Cravanche,Marchegay,Martinet,Pont Blanc,Savoureuse,Turenne,Gare,Colmar,Roseraie,Aubépines,Rosemontoise,Mermoz,Chaume,Schweitzer,Paul Bert,Ballinamuck,Bois Joli,De Gaulle,Gare,"
107,171.62999999999994,26664.880000005476,0.0,577.3099999999998,2.18428,5,"Gare,Schwob,Marseille,Centre Commercial,Martinet,Pont Blanc,Marchegay,Champs Cerisiers,Rosemontoise,Mermoz,Gare,Denfert Rochereau,Sernam,Renan,Molière,Poincaré,Marcel Braun,Pierre Engel,Pont Canal,4 As,Gare,Mulhouse,Bohn,Mieg,Ste Thérèse,Alstom Étang,Techn' Hom Cravanche,Roseraie,Colmar,Schweitzer,Paul Bert,Cravanche Centre,Haut des Près,Courbet,Aubépines,Verdoyeux,Gare,Jacquot,Bosmont,Varonne,Éluard,Port de Botans,Andelnans Prés,Rte de Bermont,Bascule,Rte de Vourvenans,Complexe Sportif,Géhant,Rte de Meroux,De Gaulle,Ballinamuck,Bois Joli,Benoit Frachon,Techn' Hom 3,Bichat,Hauts de Belfort,Gare,Dubail,Gardey,Carrières,Guidon,Chaume,Eloie,Savoureuse,Turenne,Gare,"
115,188.37,29068.86000000313,0.0,616.0899999999999,2.38318,5,"Gare,Schwob,Marseille,Centre Commercial,Martinet,Pont Blanc,Savoureuse,Turenne,Mermoz,Aubépines,Gare,Denfert Rochereau,Sernam,Renan,Molière,Poincaré,Marcel Braun,Pierre Engel,Pont Canal,4 As,Bohn,Gare,Jacquot,Bosmont,Varonne,Éluard,Port de Botans,Andelnans Prés,Rte de Bermont,Bascule,Rte de Vourvenans,Complexe Sportif,Géhant,Marchegay,Courbet,Champs Cerisiers,Gare,Dubail,Carrières,Guidon,Gardey,Ballinamuck,Bois Joli,De Gaulle,Techn' Hom 3,Benoit Frachon,Cravanche Centre,Paul Bert,Schweitzer,Colmar,Roseraie,Haut des Près,Verdoyeux,Chaume,Rosemontoise,Eloie,Gare,Mulhouse,Mieg,Ste Thérèse,Alstom Étang,Techn' Hom Cravanche,Bichat,Hauts de Belfort,Rte de Meroux,Gare,"
117,177.73000000000002,27470.240000003017,0.0,618.29,2.292235,5,"Gare,Denfert Rochereau,Sernam,Renan,Molière,Poincaré,Marcel Braun,Pierre Engel,Pont Canal,De Gaulle,Ballinamuck,Bois Joli,Gare,Bosmont,Varonne,Éluard,Rte de Bermont,Bascule,Rte de Vourvenans,Complexe Sportif,Géhant,Rte de Meroux,Hauts de Belfort,Bichat,Marchegay,Gare,Schwob,Marseille,Centre Commercial,Savoureuse,Turenne,Mermoz,Eloie,Verdoyeux,Chaume,Gare,Dubail,Carrières,Guidon,Gardey,Ste Thérèse,Alstom Étang,Techn' Hom Cravanche,Cravanche Centre,Haut des Près,Schweitzer,Paul Bert,Courbet,Champs Cerisiers,Rosemontoise,Aubépines,Techn' Hom 3,Benoit Frachon,Gare,Mulhouse,Bohn,Colmar,Roseraie,4 As,Mieg,Port de Botans,Andelnans Prés,Jacquot,Pont Blanc,Martinet,Gare,"
122,185.13999999999996,27453.050000002608,0.0,628.5500000000002,2.7375174999999996,5,"Gare,Schwob,Marseille,Centre Commercial,Martinet,Pont Blanc,Savoureuse,Turenne,Marchegay,Courbet,Paul Bert,Schweitzer,Haut des Près,Cravanche Centre,Chaume,Andelnans Prés,Gare,Denfert Rochereau,Sernam,Renan,Molière,Poincaré,Marcel Braun,Pierre Engel,Pont Canal,4 As,Gare,Dubail,Carrières,Guidon,Gardey,Benoit Frachon,Techn' Hom 3,Bichat,Hauts de Belfort,Jacquot,Bosmont,Varonne,Éluard,Port de Botans,Rte de Bermont,Bascule,Rte de Vourvenans,Gare,Champs Cerisiers,Eloie,Verdoyeux,Rosemontoise,Aubépines,Mermoz,Colmar,Roseraie,Mieg,Mulhouse,Bohn,De Gaulle,Ballinamuck,Gare,Ste Thérèse,Alstom Étang,Techn' Hom Cravanche,Rte de Meroux,Complexe Sportif,Géhant,Bois Joli,Gare,"
125,184.07999999999996,28169.190000002272,0.0,610.6500000000001,3.0444400000000003,5,"Gare,Schwob,Marseille,Centre Commercial,Martinet,Pont Blanc,Savoureuse,Turenne,Mermoz,Eloie,Gare,Bosmont,Jacquot,De Gaulle,Techn' Hom 3,Carrières,Guidon,Gardey,Benoit Frachon,Schweitzer,Colmar,Roseraie,Haut des Près,Cravanche Centre,Paul Bert,Courbet,Marchegay,Champs Cerisiers,Rosemontoise,Aubépines,Verdoyeux,Chaume,Bois Joli,Ballinamuck,Gare,Denfert Rochereau,Sernam,Varonne,Éluard,Port de Botans,Andelnans Prés,Rte de Bermont,Bascule,Rte de Vourvenans,Gare,Mulhouse,Bohn,Mieg,Ste Thérèse,Alstom Étang,Techn' Hom Cravanche,Bichat,Hauts de Belfort,Rte de Meroux,Complexe Sportif,Géhant,4 As,Pont Canal,Renan,Molière,Gare,Dubail,Poincaré,Marcel Braun,Pierre Engel,Gare,"
126,171.89999999999998,26474.810000001453,0.0,584.14,2.2581474999999998,5,"Gare,Denfert Rochereau,Sernam,Renan,Molière,Poincaré,Marcel Braun,Pierre Engel,Pont Canal,4 As,Gare,Schwob,Marseille,Centre Commercial,Martinet,Pont Blanc,Savoureuse,Turenne,Mermoz,Aubépines,Gare,Dubail,Carrières,Guidon,Gardey,Hauts de Belfort,Bichat,Benoit Frachon,Techn' Hom 3,Schweitzer,Paul Bert,Cravanche Centre,Haut des Près,Roseraie,Colmar,Mulhouse,Bohn,Chaume,Verdoyeux,Eloie,Gare,Bosmont,Varonne,Éluard,Port de Botans,Andelnans Prés,Rte de Bermont,Bascule,Rte de Vourvenans,Complexe Sportif,Géhant,Rte de Meroux,Ballinamuck,Bois Joli,De Gaulle,Gare,Ste Thérèse,Alstom Étang,Techn' Hom Cravanche,Mieg,Champs Cerisiers,Rosemontoise,Marchegay,Courbet,Jacquot,Gare,"
128,199.41000000000003,31352.89000000246,0.0,639.7400000000001,2.383179999999999,5,"Gare,Denfert Rochereau,Sernam,Varonne,Éluard,Port de Botans,Andelnans Prés,Rte de Bermont,Bascule,Rte de Vourvenans,Gare,Dubail,Carrières,Guidon,Gardey,Pont Canal,4 As,Bohn,Mieg,Ste Thérèse,Alstom Étang,Techn' Hom Cravanche,Roseraie,Colmar,Schweitzer,Haut des Près,Cravanche Centre,Paul Bert,Courbet,Verdoyeux,Chaume,Gare,Schwob,Marseille,Centre Commercial,Martinet,Pont Blanc,Savoureuse,Turenne,Mermoz,Aubépines,Gare,Jacquot,Bosmont,Renan,Molière,Poincaré,Marcel Braun,Pierre Engel,Ballinamuck,Bois Joli,Mulhouse,Champs Cerisiers,Eloie,Gare,Hauts de Belfort,Bichat,Complexe Sportif,Géhant,Rte de Meroux,De Gaulle,Techn' Hom 3,Benoit Frachon,Rosemontoise,Marchegay,Gare,"
131,204.66000000000003,30710.630000003614,0.0,676.8400000000001,2.3566825000000002,5,"Gare,Schwob,Marseille,Centre Commercial,Martinet,Pont Blanc,Marchegay,Courbet,Paul Bert,Schweitzer,Haut des Près,Cravanche Centre,Roseraie,Colmar,Mulhouse,Bohn,4 As,Gare,Denfert Rochereau,Sernam,Varonne,Éluard,Port de Botans,Andelnans Prés,Rte de Bermont,Rte de Vourvenans,Gare,Dubail,Carrières,Guidon,Gardey,Benoit Frachon,Techn' Hom 3,Bois Joli,De Gaulle,Ballinamuck,Champs Cerisiers,Eloie,Rosemontoise,Aubépines,Mermoz,Turenne,Gare,Bosmont,Jacquot,Bichat,Hauts de Belfort,Pierre Engel,Pont Canal,Molière,Poincaré,Renan,Ste Thérèse,Mieg,Rte de Meroux,Complexe Sportif,Géhant,Bascule,Chaume,Gare,Savoureuse,Techn' Hom Cravanche,Alstom Étang,Verdoyeux,Marcel Braun,Gare,"
134,186.23000000000002,28012.640000000596,0.0,636.0100000000002,2.9478025,5,"Gare,Denfert Rochereau,Sernam,Varonne,Éluard,Port de Botans,Andelnans Prés,Rte de Bermont,Bascule,Bois Joli,Ballinamuck,De Gaulle,Carrières,Guidon,Gardey,Benoit Frachon,Gare,Dubail,Renan,Molière,Poincaré,Marcel Braun,Pierre Engel,Pont Canal,4 As,Mieg,Ste Thérèse,Alstom Étang,Techn' Hom Cravanche,Gare,Schwob,Marseille,Centre Commercial,Martinet,Pont Blanc,Savoureuse,Turenne,Complexe Sportif,Géhant,Rte de Vourvenans,Rte de Meroux,Schweitzer,Gare,Bosmont,Jacquot,Bichat,Hauts de Belfort,Aubépines,Rosemontoise,Eloie,Verdoyeux,Chaume,Paul Bert,Courbet,Marchegay,Champs Cerisiers,Haut des Près,Cravanche Centre,Roseraie,Colmar,Gare,Mulhouse,Bohn,Techn' Hom 3,Mermoz,Gare,"
136,198.96999999999997,30335.170000000857,0.0,657.5799999999999,2.4040974999999998,5,"Gare,Schwob,Marseille,Centre Commercial,Martinet,Pont Blanc,Marchegay,Courbet,Techn' Hom 3,Benoit Frachon,Paul Bert,Schweitzer,Haut des Près,Cravanche Centre,Roseraie,Colmar,Mieg,Gare,Denfert Rochereau,Sernam,Renan,Molière,Poincaré,Marcel Braun,Pierre Engel,Pont Canal,4 As,Bohn,Gare,Dubail,Carrières,Guidon,Gardey,Hauts de Belfort,Jacquot,Bosmont,Varonne,Éluard,Port de Botans,Andelnans Prés,Rte de Bermont,Bascule,Rte de Vourvenans,Gare,Mulhouse,Rosemontoise,Aubépines,Mermoz,Eloie,Verdoyeux,Chaume,Rte de Meroux,Gare,Ste Thérèse,Alstom Étang,Techn' Hom Cravanche,Bichat,Ballinamuck,Bois Joli,De Gaulle,Complexe Sportif,Géhant,Champs Cerisiers,Savoureuse,Turenne,Gare,"
137,185.01000000000002,29534.140000005253,0.0,610.08,1.83184,5,"Gare,Denfert Rochereau,Sernam,Renan,Molière,Poincaré,Marcel Braun,Pierre Engel,Pont Canal,4 As,Gare,Schwob,Marseille,Centre Commercial,Martinet,Pont Blanc,Savoureuse,Turenne,Mermoz,Aubépines,Gare,Dubail,Gardey,Carrières,Guidon,De Gaulle,Ballinamuck,Bois Joli,Haut des Près,Roseraie,Colmar,Mieg,Mulhouse,Bohn,Champs Cerisiers,Rte de Meroux,Gare,Bosmont,Jacquot,Bichat,Hauts de Belfort,Varonne,Éluard,Port de Botans,Andelnans Prés,Rte de Bermont,Bascule,Rte de Vourvenans,Complexe Sportif,Géhant,Benoit Frachon,Techn' Hom 3,Schweitzer,Paul Bert,Cravanche Centre,Chaume,Gare,Ste Thérèse,Alstom Étang,Techn' Hom Cravanche,Marchegay,Eloie,Verdoyeux,Rosemontoise,Courbet,Gare,"
138,166.03,25741.370000003837,0.0,555.1899999999999,1.5608574999999996,5,"Gare,Denfert Rochereau,Sernam,Renan,Molière,Poincaré,Marcel Braun,Pierre Engel,Pont Canal,4 As,Bohn,Gare,Dubail,Gardey,Carrières,Guidon,Techn' Hom 3,Benoit Frachon,Cravanche Centre,Haut des Près,Schweitzer,Courbet,Marchegay,Martinet,Pont Blanc,Savoureuse,Turenne,Gare,Colmar,Roseraie,Mieg,Ste Thérèse,Alstom Étang,Techn' Hom Cravanche,Mulhouse,Bosmont,Jacquot,Bichat,Hauts de Belfort,Varonne,Éluard,Port de Botans,Andelnans Prés,Rte de Bermont,Bascule,Gare,Schwob,Marseille,Centre Commercial,Champs Cerisiers,Eloie,Chaume,Verdoyeux,Rosemontoise,Aubépines,Gare,Rte de Vourvenans,Complexe Sportif,Géhant,Rte de Meroux,De Gaulle,Ballinamuck,Bois Joli,Mermoz,Paul Bert,Gare,"
141,178.26999999999998,27655.11000000313,0.0,587.5400000000001,1.8659275000000006,5,"Gare,Denfert Rochereau,Sernam,Renan,Molière,Poincaré,Marcel Braun,Pierre Engel,Pont Canal,4 As,Gare,Schwob,Marseille,Centre Commercial,Martinet,Pont Blanc,Marchegay,Courbet,Paul Bert,Schweitzer,Colmar,Roseraie,Haut des Près,Cravanche Centre,Gare,Dubail,Carrières,Guidon,Gardey,Ballinamuck,Bois Joli,De Gaulle,Mieg,Ste Thérèse,Alstom Étang,Techn' Hom Cravanche,Mulhouse,Bohn,Champs Cerisiers,Rosemontoise,Aubépines,Gare,Complexe Sportif,Géhant,Rte de Vourvenans,Bascule,Rte de Bermont,Andelnans Prés,Port de Botans,Éluard,Varonne,Bosmont,Jacquot,Bichat,Hauts de Belfort,Eloie,Gare,Chaume,Verdoyeux,Mermoz,Turenne,Savoureuse,Benoit Frachon,Techn' Hom 3,Rte de Meroux,Gare,"
142,160.70999999999998,24460.66000000108,0.0,558.3000000000001,2.3964625,5,"Gare,Denfert Rochereau,Sernam,Renan,Molière,Poincaré,Marcel Braun,Pierre Engel,Pont Canal,4 As,Gare,Schwob,Marseille,Centre Commercial,Martinet,Pont Blanc,Marchegay,Champs Cerisiers,Courbet,Haut des Près,Schweitzer,Paul Bert,Cravanche Centre,Roseraie,Colmar,Bohn,Mieg,Gare,Dubail,Carrières,Guidon,Gardey,Benoit Frachon,Techn' Hom 3,Bichat,Hauts de Belfort,Varonne,Bosmont,Jacquot,De Gaulle,Ballinamuck,Bois Joli,Mulhouse,Eloie,Verdoyeux,Chaume,Rosemontoise,Gare,Éluard,Port de Botans,Andelnans Prés,Rte de Bermont,Bascule,Rte de Vourvenans,Complexe Sportif,Géhant,Rte de Meroux,Alstom Étang,Techn' Hom Cravanche,Ste Thérèse,Gare,Savoureuse,Turenne,Mermoz,Aubépines,Gare,"
149,194.52999999999994,29969.79000000283,0.0,642.01,2.2790199999999996,5,"Gare,Colmar,Roseraie,Mieg,Ste Thérèse,Alstom Étang,Techn' Hom Cravanche,Bohn,Mulhouse,4 As,Techn' Hom 3,Schweitzer,Paul Bert,Courbet,Savoureuse,Turenne,Mermoz,Gare,Schwob,Marseille,Centre Commercial,Martinet,Pont Blanc,Marchegay,Champs Cerisiers,Rosemontoise,Aubépines,Verdoyeux,Gare,Denfert Rochereau,Sernam,Varonne,Éluard,Port de Botans,Andelnans Prés,Rte de Bermont,Bascule,Rte de Vourvenans,Gare,Dubail,Carrières,Guidon,Gardey,Benoit Frachon,Cravanche Centre,Haut des Près,Bichat,Hauts de Belfort,De Gaulle,Ballinamuck,Bois Joli,Complexe Sportif,Géhant,Rte de Meroux,Marcel Braun,Pierre Engel,Pont Canal,Gare,Bosmont,Jacquot,Chaume,Eloie,Renan,Molière,Poincaré,Gare,"
153,175.38000000000005,26780.470000004396,0.0,590.6899999999999,1.686002499999999,5,"Gare,Dubail,Carrières,Guidon,Gardey,Benoit Frachon,Techn' Hom 3,4 As,Mieg,Ste Thérèse,Alstom Étang,Techn' Hom Cravanche,Mulhouse,Bohn,Colmar,Roseraie,Haut des Près,Cravanche Centre,Paul Bert,Courbet,Gare,Denfert Rochereau,Sernam,Varonne,Jacquot,Bosmont,Renan,Molière,Poincaré,Gare,Schwob,Marseille,Centre Commercial,Martinet,Pont Blanc,Savoureuse,Turenne,Mermoz,Aubépines,Gare,Éluard,Port de Botans,Andelnans Prés,Rte de Bermont,Bascule,Rte de Vourvenans,Complexe Sportif,Géhant,Rte de Meroux,Ballinamuck,Bois Joli,De Gaulle,Chaume,Verdoyeux,Gare,Pont Canal,Bichat,Hauts de Belfort,Pierre Engel,Marcel Braun,Schweitzer,Eloie,Rosemontoise,Champs Cerisiers,Marchegay,Gare,"
154,177.98,26754.83000000473,0.0,624.1500000000001,2.27143,5,"Gare,Schwob,Marseille,Centre Commercial,Martinet,Pont Blanc,Savoureuse,Turenne,Mermoz,Aubépines,Gare,Jacquot,Bosmont,Varonne,Éluard,Port de Botans,Andelnans Prés,Rte de Bermont,Bascule,Rte de Vourvenans,Complexe Sportif,Géhant,Rte de Meroux,Schweitzer,Courbet,Gare,Denfert Rochereau,Sernam,Renan,Molière,Poincaré,Marcel Braun,Pierre Engel,Pont Canal,4 As,Bohn,Gare,Dubail,Carrières,Guidon,Gardey,Ballinamuck,De Gaulle,Bichat,Hauts de Belfort,Roseraie,Mieg,Ste Thérèse,Alstom Étang,Techn' Hom Cravanche,Mulhouse,Benoit Frachon,Techn' Hom 3,Paul Bert,Cravanche Centre,Haut des Près,Champs Cerisiers,Gare,Chaume,Verdoyeux,Eloie,Rosemontoise,Bois Joli,Colmar,Marchegay,Gare,"
155,185.76999999999998,28636.690000003204,0.0,631.9100000000001,2.5120075,5,"Gare,Schwob,Marseille,Centre Commercial,Martinet,Pont Blanc,Marchegay,Champs Cerisiers,Eloie,Verdoyeux,Chaume,Rosemontoise,Gare,Dubail,Carrières,Guidon,Gardey,Hauts de Belfort,Bois Joli,Ballinamuck,De Gaulle,Bichat,Jacquot,Bosmont,Varonne,Éluard,Port de Botans,Andelnans Prés,Rte de Bermont,Bascule,Rte de Vourvenans,Géhant,Gare,Denfert Rochereau,Sernam,Renan,Molière,Poincaré,Marcel Braun,Pierre Engel,Pont Canal,4 As,Bohn,Gare,Ste Thérèse,Alstom Étang,Techn' Hom Cravanche,Roseraie,Colmar,Schweitzer,Paul Bert,Courbet,Savoureuse,Turenne,Mermoz,Aubépines,Techn' Hom 3,Benoit Frachon,Mulhouse,Gare,Complexe Sportif,Rte de Meroux,Mieg,Haut des Près,Cravanche Centre,Gare,"
157,167.50999999999996,25394.260000004433,0.0,563.8800000000001,2.434345,5,"Gare,Denfert Rochereau,Sernam,Renan,Molière,Poincaré,Marcel Braun,Pierre Engel,Pont Canal,4 As,Gare,Dubail,Gardey,Benoit Frachon,Techn' Hom 3,Schweitzer,Paul Bert,Cravanche Centre,Haut des Près,Roseraie,Colmar,Mieg,Ste Thérèse,Alstom Étang,Techn' Hom Cravanche,Mulhouse,Bohn,Guidon,De Gaulle,Ballinamuck,Bois Joli,Marchegay,Courbet,Gare,Schwob,Marseille,Centre Commercial,Martinet,Pont Blanc,Savoureuse,Turenne,Mermoz,Aubépines,Gare,Jacquot,Bosmont,Varonne,Éluard,Port de Botans,Andelnans Prés,Rte de Bermont,Bascule,Rte de Vourvenans,Complexe Sportif,Géhant,Rte de Meroux,Bichat,Hauts de Belfort,Champs Cerisiers,Gare,Rosemontoise,Eloie,Verdoyeux,Chaume,Carrières,Gare,"
158,168.92,26635.33000000287,0.0,592.7699999999999,2.29603,5,"Gare,Denfert Rochereau,Sernam,Renan,Molière,Poincaré,Marcel Braun,Pierre Engel,Pont Canal,4 As,Gare,Bosmont,Varonne,Éluard,Port de Botans,Andelnans Prés,Rte de Bermont,Bascule,Rte de Vourvenans,Complexe Sportif,Géhant,Rte de Meroux,Ballinamuck,Bois Joli,De Gaulle,Gare,Schwob,Marseille,Centre Commercial,Martinet,Pont Blanc,Savoureuse,Turenne,Mermoz,Aubépines,Gare,Jacquot,Mieg,Ste Thérèse,Alstom Étang,Techn' Hom Cravanche,Roseraie,Colmar,Schweitzer,Paul Bert,Courbet,Marchegay,Champs Cerisiers,Rosemontoise,Eloie,Verdoyeux,Chaume,Cravanche Centre,Gare,Dubail,Carrières,Guidon,Benoit Frachon,Techn' Hom 3,Bichat,Hauts de Belfort,Bohn,Mulhouse,Haut des Près,Gardey,Gare,"
160,199.70999999999998,31145.51000000257,0.0,675.1699999999998,2.6579574999999998,5,"Gare,Denfert Rochereau,Sernam,Renan,Molière,Poincaré,Marcel Braun,Pierre Engel,De Gaulle,Ballinamuck,Bois Joli,Gare,Schwob,Marseille,Centre Commercial,Champs Cerisiers,Marchegay,Martinet,Pont Blanc,Savoureuse,Turenne,Mermoz,Gare,Dubail,Carrières,Guidon,Gardey,Benoit Frachon,Techn' Hom 3,Schweitzer,Paul Bert,Courbet,Varonne,Bosmont,Jacquot,Bichat,Hauts de Belfort,Mieg,4 As,Bohn,Haut des Près,Cravanche Centre,Colmar,Roseraie,Verdoyeux,Chaume,Gare,Mulhouse,Rosemontoise,Aubépines,Eloie,Rte de Meroux,Andelnans Prés,Rte de Bermont,Bascule,Rte de Vourvenans,Gare,Éluard,Port de Botans,Complexe Sportif,Géhant,Techn' Hom Cravanche,Alstom Étang,Ste Thérèse,Pont Canal,Gare,"
162,162.6,25606.10000000056,0.0,558.0700000000002,2.745107499999999,5,"Gare,Denfert Rochereau,Sernam,Renan,Molière,Poincaré,Marcel Braun,Pierre Engel,Pont Canal,4 As,Gare,Schwob,Marseille,Centre Commercial,Martinet,Pont Blanc,Savoureuse,Turenne,Mermoz,Aubépines,Gare,Dubail,Carrières,Guidon,Gardey,Benoit Frachon,Techn' Hom 3,Schweitzer,Paul Bert,Courbet,Marchegay,Rosemontoise,Eloie,Verdoyeux,Chaume,Cravanche Centre,Haut des Près,Gare,Mieg,Ste Thérèse,Alstom Étang,Techn' Hom Cravanche,Mulhouse,Bohn,Colmar,Roseraie,Champs Cerisiers,Complexe Sportif,Géhant,Rte de Vourvenans,Bascule,Rte de Bermont,Éluard,Gare,Jacquot,Bosmont,Varonne,Bichat,Hauts de Belfort,De Gaulle,Ballinamuck,Bois Joli,Rte de Meroux,Andelnans Prés,Port de Botans,Gare,"
163,199.45999999999998,31591.090000003576,0.0,666.06,2.4002575,5,"Gare,Schwob,Marseille,Centre Commercial,Martinet,Pont Blanc,Savoureuse,Turenne,Mermoz,Aubépines,Gare,Denfert Rochereau,Sernam,Varonne,Éluard,Port de Botans,Andelnans Prés,Rte de Bermont,Bascule,Rte de Vourvenans,Gare,Dubail,Carrières,Guidon,Gardey,Benoit Frachon,Techn' Hom 3,Paul Bert,Schweitzer,Haut des Près,Roseraie,Colmar,Bohn,Mulhouse,Mieg,Ste Thérèse,Alstom Étang,Techn' Hom Cravanche,Gare,Jacquot,Bosmont,Renan,Molière,Poincaré,Marcel Braun,Pierre Engel,Pont Canal,4 As,Marchegay,Courbet,Champs Cerisiers,Ballinamuck,Bois Joli,De Gaulle,Cravanche Centre,Hauts de Belfort,Bichat,Verdoyeux,Gare,Chaume,Eloie,Rosemontoise,Complexe Sportif,Géhant,Rte de Meroux,Gare,"
165,162.86000000000004,24567.070000003092,0.0,587.7099999999999,2.235445,5,"Gare,Schwob,Marseille,Centre Commercial,Martinet,Pont Blanc,Savoureuse,Turenne,Mermoz,Aubépines,Gare,Denfert Rochereau,Sernam,Renan,Molière,Poincaré,Marcel Braun,Pierre Engel,Pont Canal,4 As,Gare,Dubail,Gardey,Carrières,Guidon,Benoit Frachon,Techn' Hom 3,Schweitzer,Courbet,Haut des Près,Cravanche Centre,Paul Bert,Colmar,Roseraie,Mieg,Ste Thérèse,Alstom Étang,Techn' Hom Cravanche,Mulhouse,Bohn,Gare,Bosmont,Jacquot,Bichat,Hauts de Belfort,Varonne,Éluard,Port de Botans,Andelnans Prés,Rte de Bermont,Bascule,Rte de Vourvenans,Complexe Sportif,Géhant,Rte de Meroux,Ballinamuck,De Gaulle,Bois Joli,Gare,Rosemontoise,Eloie,Verdoyeux,Chaume,Champs Cerisiers,Marchegay,Gare,"
166,178.45000000000005,27764.860000001267,0.0,595.99,2.43814,5,"Gare,Denfert Rochereau,Sernam,Varonne,Jacquot,Bosmont,Pierre Engel,Marcel Braun,Poincaré,Renan,Gare,Schwob,Marseille,Centre Commercial,Martinet,Pont Blanc,Savoureuse,Turenne,Marchegay,Courbet,Paul Bert,Schweitzer,Colmar,Roseraie,Haut des Près,Cravanche Centre,Gare,Dubail,Gardey,Carrières,Guidon,Benoit Frachon,Techn' Hom 3,4 As,Mieg,Ste Thérèse,Alstom Étang,Techn' Hom Cravanche,Mulhouse,Bohn,De Gaulle,Ballinamuck,Bois Joli,Rte de Meroux,Complexe Sportif,Géhant,Gare,Pont Canal,Molière,Champs Cerisiers,Rosemontoise,Aubépines,Mermoz,Eloie,Verdoyeux,Chaume,Bichat,Hauts de Belfort,Andelnans Prés,Gare,Éluard,Port de Botans,Rte de Bermont,Bascule,Rte de Vourvenans,Gare,"
167,186.51999999999998,28497.180000002496,0.0,604.65,2.656059999999999,5,"Gare,Schwob,Marseille,Centre Commercial,Martinet,Pont Blanc,Savoureuse,Turenne,Mermoz,Aubépines,Gare,Denfert Rochereau,Sernam,Varonne,Éluard,Port de Botans,Andelnans Prés,Rte de Bermont,Bascule,Rte de Vourvenans,Gare,Dubail,Carrières,Guidon,Gardey,Ballinamuck,Bois Joli,Benoit Frachon,Techn' Hom 3,Schweitzer,Haut des Près,Cravanche Centre,Paul Bert,Courbet,Marchegay,Chaume,Rosemontoise,Eloie,Gare,Mulhouse,Bohn,Mieg,Ste Thérèse,Alstom Étang,Techn' Hom Cravanche,Roseraie,Colmar,Pont Canal,4 As,Molière,Poincaré,Marcel Braun,Pierre Engel,Renan,Gare,Bosmont,Jacquot,De Gaulle,Bichat,Hauts de Belfort,Rte de Meroux,Complexe Sportif,Géhant,Champs Cerisiers,Verdoyeux,Gare,"
168,180.91000000000005,28600.14000000246,0.0,609.9900000000001,2.3964625,5,"Gare,Dubail,Carrières,Guidon,Gardey,Benoit Frachon,Techn' Hom 3,4 As,Mieg,Ste Thérèse,Alstom Étang,Techn' Hom Cravanche,Mulhouse,Bohn,Colmar,Roseraie,Haut des Près,Cravanche Centre,Paul Bert,Schweitzer,Champs Cerisiers,Gare,Schwob,Marseille,Centre Commercial,Martinet,Pont Blanc,Marchegay,Courbet,Molière,Poincaré,Marcel Braun,Pierre Engel,Gare,Denfert Rochereau,Sernam,Renan,De Gaulle,Ballinamuck,Bois Joli,Rte de Meroux,Complexe Sportif,Géhant,Rte de Vourvenans,Bascule,Gare,Pont Canal,Hauts de Belfort,Bichat,Jacquot,Bosmont,Varonne,Éluard,Port de Botans,Andelnans Prés,Rte de Bermont,Rosemontoise,Chaume,Verdoyeux,Eloie,Gare,Aubépines,Mermoz,Turenne,Savoureuse,Gare,"
169,179.43,27924.870000001043,0.0,583.3400000000001,1.6594374999999988,5,"Gare,Dubail,Carrières,Guidon,Gardey,Benoit Frachon,Schweitzer,Haut des Près,Cravanche Centre,Paul Bert,Courbet,Marchegay,Rosemontoise,Aubépines,Gare,Schwob,Marseille,Centre Commercial,Martinet,Pont Blanc,Savoureuse,Turenne,Mermoz,Eloie,Gare,Denfert Rochereau,Sernam,Renan,Molière,Poincaré,Marcel Braun,Pierre Engel,Pont Canal,4 As,Bohn,Gare,Mulhouse,Mieg,Ste Thérèse,Alstom Étang,Techn' Hom Cravanche,Roseraie,Colmar,Champs Cerisiers,Chaume,Verdoyeux,Rte de Meroux,Complexe Sportif,Géhant,Gare,Bosmont,Jacquot,Bichat,Hauts de Belfort,Varonne,Éluard,Port de Botans,Andelnans Prés,Rte de Bermont,Bascule,Rte de Vourvenans,Techn' Hom 3,Bois Joli,Ballinamuck,De Gaulle,Gare,"
170,178.87,27155.01000000257,0.0,578.1200000000002,2.277122499999999,5,"Gare,Denfert Rochereau,Sernam,Renan,Molière,Poincaré,Marcel Braun,Pierre Engel,Pont Canal,4 As,Bohn,Gare,Schwob,Marseille,Centre Commercial,Martinet,Pont Blanc,Savoureuse,Turenne,Mermoz,Aubépines,Gare,Dubail,Carrières,Guidon,Gardey,Ballinamuck,Bois Joli,De Gaulle,Techn' Hom 3,Benoit Frachon,Rte de Vourvenans,Complexe Sportif,Géhant,Bascule,Port de Botans,Andelnans Prés,Rte de Bermont,Éluard,Gare,Mulhouse,Mieg,Ste Thérèse,Alstom Étang,Techn' Hom Cravanche,Roseraie,Colmar,Schweitzer,Haut des Près,Cravanche Centre,Paul Bert,Courbet,Marchegay,Rosemontoise,Champs Cerisiers,Chaume,Gare,Bosmont,Jacquot,Bichat,Hauts de Belfort,Varonne,Rte de Meroux,Verdoyeux,Eloie,Gare,"
172,168.54999999999998,25714.660000003874,0.0,580.98,2.1198325,5,"Gare,Dubail,Carrières,Guidon,Gardey,Benoit Frachon,Techn' Hom 3,Schweitzer,Paul Bert,Courbet,Marchegay,Martinet,Pont Blanc,Savoureuse,Turenne,Gare,Denfert Rochereau,Sernam,Renan,Molière,Poincaré,Marcel Braun,Pierre Engel,Pont Canal,4 As,Gare,Schwob,Marseille,Centre Commercial,Champs Cerisiers,Rosemontoise,Aubépines,Mermoz,Chaume,Verdoyeux,Gare,Bosmont,Varonne,Éluard,Port de Botans,Andelnans Prés,Rte de Bermont,Bascule,Rte de Vourvenans,Complexe Sportif,Géhant,Rte de Meroux,Hauts de Belfort,Bichat,Mulhouse,Gare,Colmar,Roseraie,Mieg,Ste Thérèse,Alstom Étang,Techn' Hom Cravanche,Jacquot,De Gaulle,Ballinamuck,Bois Joli,Haut des Près,Cravanche Centre,Bohn,Eloie,Gare,"
175,199.55000000000007,30664.070000004955,0.0,685.8499999999999,2.684455,5,"Gare,Schwob,Marseille,Centre Commercial,Martinet,Pont Blanc,Savoureuse,Turenne,Mermoz,Aubépines,Gare,Denfert Rochereau,Sernam,Renan,Molière,Poincaré,Marcel Braun,Pierre Engel,Pont Canal,Gare,Mulhouse,Bohn,Mieg,Ste Thérèse,Alstom Étang,Techn' Hom Cravanche,Schweitzer,Colmar,Roseraie,Géhant,Complexe Sportif,Rte de Vourvenans,Bascule,Rte de Bermont,Rosemontoise,Benoit Frachon,Gare,Dubail,Carrières,Guidon,Gardey,Ballinamuck,De Gaulle,Bichat,Hauts de Belfort,Jacquot,Bosmont,Varonne,Éluard,Port de Botans,Andelnans Prés,Rte de Meroux,Chaume,Verdoyeux,Eloie,Gare,Bois Joli,Haut des Près,Cravanche Centre,Paul Bert,Courbet,Marchegay,Champs Cerisiers,4 As,Techn' Hom 3,Gare,"
176,194.78,29546.280000002123,0.0,642.4299999999998,0.9735324999999999,5,"Gare,Denfert Rochereau,Sernam,Varonne,Jacquot,Bosmont,Renan,Molière,Poincaré,Gare,Dubail,Gardey,Carrières,Guidon,Benoit Frachon,Techn' Hom 3,Paul Bert,Courbet,Marchegay,Martinet,Pont Blanc,Savoureuse,Turenne,Gare,Schwob,Marseille,Centre Commercial,Champs Cerisiers,Eloie,Verdoyeux,Chaume,Rosemontoise,Aubépines,Gare,4 As,Mieg,Ste Thérèse,Alstom Étang,Techn' Hom Cravanche,Mulhouse,Bohn,Colmar,Roseraie,Haut des Près,Cravanche Centre,Bois Joli,Ballinamuck,De Gaulle,Bichat,Hauts de Belfort,Rte de Meroux,Rte de Bermont,Bascule,Gare,Éluard,Port de Botans,Andelnans Prés,Géhant,Pont Canal,Marcel Braun,Pierre Engel,Rte de Vourvenans,Complexe Sportif,Schweitzer,Mermoz,Gare,"
180,194.64000000000004,28318.500000002794,0.0,626.1599999999997,2.8227699999999993,5,"Gare,Bosmont,Jacquot,Bichat,Hauts de Belfort,Eloie,Verdoyeux,Chaume,Aubépines,Rosemontoise,Cravanche Centre,Haut des Près,Schweitzer,Colmar,Roseraie,Marchegay,Courbet,Paul Bert,Champs Cerisiers,Gare,Denfert Rochereau,Sernam,Renan,Molière,Poincaré,Marcel Braun,Pierre Engel,Pont Canal,4 As,Gare,Dubail,Carrières,Guidon,Gardey,Benoit Frachon,Techn' Hom 3,Mulhouse,Bohn,Mieg,Ste Thérèse,Alstom Étang,Techn' Hom Cravanche,Rte de Meroux,Andelnans Prés,Rte de Bermont,Gare,Schwob,Marseille,Centre Commercial,Martinet,Pont Blanc,Savoureuse,Turenne,Mermoz,Port de Botans,Éluard,Gare,Complexe Sportif,Géhant,Rte de Vourvenans,Bascule,Varonne,Bois Joli,Ballinamuck,De Gaulle,Gare,"
181,177.87000000000006,28395.190000002272,0.0,596.2099999999999,1.9208874999999996,5,"Gare,Denfert Rochereau,Sernam,Varonne,Éluard,Port de Botans,Andelnans Prés,Rte de Bermont,Bascule,Rte de Vourvenans,Gare,Dubail,Carrières,Guidon,Gardey,Benoit Frachon,Techn' Hom 3,Schweitzer,Paul Bert,Courbet,Marchegay,Martinet,Pont Blanc,Savoureuse,Turenne,Gare,Schwob,Marseille,Centre Commercial,Champs Cerisiers,Rosemontoise,Aubépines,Mermoz,Eloie,Gare,Bosmont,Jacquot,Chaume,Verdoyeux,Haut des Près,Cravanche Centre,Roseraie,Colmar,Pont Canal,Mieg,Ste Thérèse,Alstom Étang,Techn' Hom Cravanche,Mulhouse,Bohn,4 As,Bois Joli,Ballinamuck,De Gaulle,Marcel Braun,Pierre Engel,Gare,Renan,Molière,Poincaré,Hauts de Belfort,Bichat,Complexe Sportif,Géhant,Rte de Meroux,Gare,"
